nRooms,sceneId
4,scene_00000
5,scene_00001
7,scene_00002
7,scene_00003
2,scene_00004
4,scene_00005
1,scene_00006
5,scene_00007
10,scene_00008
3,scene_00009
7,scene_00010
5,scene_00011
1,scene_00012
5,scene_00013
7,scene_00014
10,scene_00015
10,scene_00016
1,scene_00017
11,scene_00018
8,scene_00019
6,scene_00020
3,scene_00021
1,scene_00022
3,scene_00023
3,scene_00024
1,scene_00025
2,scene_00026
5,scene_00027
5,scene_00028
3,scene_00029
5,scene_00030
1,scene_00031
6,scene_00032
6,scene_00033
6,scene_00034
7,scene_00035
9,scene_00036
1,scene_00037
5,scene_00038
6,scene_00039
8,scene_00040
4,scene_00041
1,scene_00042
9,scene_00043
8,scene_00044
4,scene_00045
8,scene_00046
7,scene_00047
6,scene_00048
8,scene_00049
8,scene_00050
5,scene_00051
8,scene_00052
2,scene_00053
6,scene_00054
4,scene_00055
10,scene_00056
2,scene_00057
1,scene_00058
5,scene_00059
8,scene_00060
8,scene_00061
3,scene_00062
8,scene_00063
2,scene_00064
2,scene_00065
17,scene_00066
7,scene_00067
5,scene_00068
1,scene_00069
7,scene_00070
8,scene_00071
9,scene_00072
10,scene_00073
9,scene_00074
7,scene_00075
3,scene_00076
9,scene_00077
7,scene_00078
2,scene_00079
9,scene_00080
5,scene_00081
11,scene_00082
5,scene_00083
7,scene_00084
9,scene_00085
8,scene_00086
7,scene_00087
8,scene_00088
10,scene_00089
3,scene_00090
9,scene_00091
9,scene_00092
7,scene_00093
6,scene_00094
5,scene_00095
9,scene_00096
7,scene_00097
8,scene_00098
6,scene_00099
11,scene_00100
7,scene_00101
2,scene_00102
1,scene_00103
7,scene_00104
4,scene_00105
12,scene_00106
7,scene_00107
5,scene_00108
4,scene_00109
10,scene_00110
5,scene_00111
1,scene_00112
1,scene_00113
8,scene_00114
11,scene_00115
8,scene_00116
1,scene_00117
1,scene_00118
1,scene_00119
2,scene_00120
9,scene_00121
9,scene_00122
10,scene_00123
10,scene_00124
8,scene_00125
11,scene_00126
9,scene_00127
1,scene_00128
9,scene_00129
7,scene_00130
1,scene_00131
11,scene_00132
11,scene_00133
10,scene_00134
11,scene_00135
3,scene_00136
6,scene_00137
8,scene_00138
1,scene_00139
1,scene_00140
5,scene_00141
1,scene_00142
6,scene_00143
6,scene_00144
2,scene_00145
9,scene_00146
8,scene_00147
1,scene_00148
9,scene_00149
9,scene_00150
1,scene_00151
9,scene_00152
1,scene_00153
8,scene_00154
1,scene_00155
1,scene_00156
6,scene_00157
5,scene_00158
6,scene_00159
5,scene_00160
1,scene_00161
1,scene_00162
1,scene_00163
2,scene_00164
1,scene_00165
7,scene_00166
10,scene_00167
5,scene_00168
7,scene_00169
8,scene_00170
7,scene_00171
5,scene_00172
9,scene_00173
4,scene_00174
1,scene_00175
1,scene_00176
5,scene_00177
11,scene_00178
7,scene_00179
5,scene_00180
1,scene_00181
4,scene_00182
2,scene_00183
1,scene_00184
6,scene_00185
6,scene_00186
7,scene_00187
2,scene_00188
5,scene_00189
3,scene_00190
4,scene_00191
2,scene_00192
2,scene_00193
7,scene_00194
2,scene_00195
4,scene_00196
2,scene_00197
7,scene_00198
5,scene_00199
8,scene_00200
5,scene_00201
9,scene_00202
1,scene_00203
9,scene_00204
8,scene_00205
1,scene_00206
1,scene_00207
5,scene_00208
3,scene_00209
3,scene_00210
9,scene_00211
4,scene_00212
9,scene_00213
5,scene_00214
1,scene_00215
5,scene_00216
5,scene_00217
7,scene_00218
7,scene_00219
4,scene_00220
5,scene_00221
8,scene_00222
6,scene_00223
5,scene_00224
6,scene_00225
6,scene_00226
2,scene_00227
7,scene_00228
11,scene_00229
11,scene_00230
9,scene_00231
7,scene_00232
9,scene_00233
1,scene_00234
7,scene_00235
8,scene_00236
11,scene_00237
6,scene_00238
9,scene_00239
8,scene_00240
5,scene_00241
8,scene_00242
14,scene_00243
11,scene_00244
4,scene_00245
8,scene_00246
5,scene_00247
8,scene_00248
1,scene_00249
4,scene_00250
6,scene_00251
7,scene_00252
6,scene_00253
7,scene_00254
10,scene_00255
2,scene_00256
7,scene_00257
4,scene_00258
9,scene_00259
7,scene_00260
4,scene_00261
8,scene_00262
10,scene_00263
6,scene_00264
7,scene_00265
4,scene_00266
2,scene_00267
6,scene_00268
1,scene_00269
5,scene_00270
9,scene_00271
9,scene_00272
1,scene_00273
6,scene_00274
7,scene_00275
10,scene_00276
6,scene_00277
7,scene_00278
9,scene_00279
8,scene_00280
7,scene_00281
7,scene_00282
3,scene_00283
9,scene_00284
9,scene_00285
11,scene_00286
1,scene_00287
11,scene_00288
7,scene_00289
6,scene_00290
3,scene_00291
8,scene_00292
9,scene_00293
3,scene_00294
9,scene_00295
2,scene_00296
1,scene_00297
5,scene_00298
7,scene_00299
9,scene_00300
6,scene_00301
5,scene_00302
7,scene_00303
2,scene_00304
9,scene_00305
6,scene_00306
7,scene_00307
8,scene_00308
8,scene_00309
6,scene_00310
1,scene_00311
5,scene_00312
8,scene_00313
6,scene_00314
5,scene_00315
10,scene_00316
6,scene_00317
5,scene_00318
4,scene_00319
6,scene_00320
5,scene_00321
3,scene_00322
6,scene_00323
6,scene_00324
10,scene_00325
10,scene_00326
9,scene_00327
11,scene_00328
8,scene_00329
7,scene_00330
7,scene_00331
7,scene_00332
1,scene_00333
4,scene_00334
7,scene_00335
3,scene_00336
9,scene_00337
7,scene_00338
7,scene_00339
11,scene_00340
7,scene_00341
5,scene_00342
10,scene_00343
3,scene_00344
7,scene_00345
3,scene_00346
7,scene_00347
9,scene_00348
3,scene_00349
9,scene_00350
10,scene_00351
4,scene_00352
5,scene_00353
10,scene_00354
7,scene_00355
6,scene_00356
10,scene_00357
4,scene_00358
1,scene_00359
8,scene_00360
1,scene_00361
1,scene_00362
1,scene_00363
1,scene_00364
10,scene_00365
1,scene_00366
6,scene_00367
6,scene_00368
9,scene_00369
6,scene_00370
9,scene_00371
9,scene_00372
8,scene_00373
10,scene_00374
9,scene_00375
6,scene_00376
9,scene_00377
2,scene_00378
8,scene_00379
6,scene_00380
7,scene_00381
9,scene_00382
7,scene_00383
13,scene_00384
5,scene_00385
10,scene_00386
3,scene_00387
10,scene_00388
12,scene_00389
7,scene_00390
4,scene_00391
6,scene_00392
5,scene_00393
2,scene_00394
6,scene_00395
7,scene_00396
2,scene_00397
17,scene_00398
8,scene_00399
6,scene_00400
4,scene_00401
9,scene_00402
6,scene_00403
2,scene_00404
8,scene_00405
8,scene_00406
2,scene_00407
1,scene_00408
5,scene_00409
7,scene_00410
7,scene_00411
5,scene_00412
11,scene_00413
10,scene_00414
9,scene_00415
9,scene_00416
1,scene_00417
5,scene_00418
10,scene_00419
4,scene_00420
6,scene_00421
10,scene_00422
8,scene_00423
2,scene_00424
1,scene_00425
10,scene_00426
3,scene_00427
8,scene_00428
6,scene_00429
9,scene_00430
12,scene_00431
9,scene_00432
7,scene_00433
6,scene_00434
10,scene_00435
4,scene_00436
5,scene_00437
11,scene_00438
5,scene_00439
8,scene_00440
9,scene_00441
6,scene_00442
2,scene_00443
10,scene_00444
2,scene_00445
6,scene_00446
2,scene_00447
3,scene_00448
8,scene_00449
2,scene_00450
8,scene_00451
10,scene_00452
2,scene_00453
5,scene_00454
3,scene_00455
9,scene_00456
9,scene_00457
9,scene_00458
2,scene_00459
9,scene_00460
1,scene_00461
4,scene_00462
4,scene_00463
4,scene_00464
7,scene_00465
7,scene_00466
9,scene_00467
15,scene_00468
3,scene_00469
9,scene_00470
8,scene_00471
11,scene_00472
4,scene_00473
6,scene_00474
10,scene_00475
4,scene_00476
8,scene_00477
5,scene_00478
1,scene_00479
9,scene_00480
11,scene_00481
10,scene_00482
10,scene_00483
11,scene_00484
5,scene_00485
6,scene_00486
6,scene_00487
12,scene_00488
2,scene_00489
1,scene_00490
8,scene_00491
8,scene_00492
11,scene_00493
11,scene_00494
7,scene_00495
9,scene_00496
1,scene_00497
7,scene_00498
11,scene_00499
11,scene_00500
8,scene_00501
6,scene_00502
7,scene_00503
7,scene_00504
8,scene_00505
8,scene_00506
10,scene_00507
10,scene_00508
5,scene_00509
4,scene_00510
8,scene_00511
8,scene_00512
6,scene_00513
9,scene_00514
8,scene_00515
7,scene_00516
8,scene_00517
7,scene_00518
9,scene_00519
11,scene_00520
1,scene_00521
5,scene_00522
3,scene_00523
3,scene_00524
2,scene_00525
7,scene_00526
7,scene_00527
8,scene_00528
7,scene_00529
2,scene_00530
12,scene_00531
2,scene_00532
6,scene_00533
8,scene_00534
7,scene_00535
9,scene_00536
14,scene_00537
9,scene_00538
5,scene_00539
4,scene_00540
10,scene_00541
3,scene_00542
6,scene_00543
9,scene_00544
3,scene_00545
8,scene_00546
10,scene_00547
11,scene_00548
4,scene_00549
11,scene_00550
5,scene_00551
13,scene_00552
10,scene_00553
12,scene_00554
5,scene_00555
5,scene_00556
10,scene_00557
7,scene_00558
8,scene_00559
6,scene_00560
11,scene_00561
10,scene_00562
9,scene_00563
4,scene_00564
6,scene_00565
11,scene_00566
3,scene_00567
10,scene_00568
4,scene_00569
10,scene_00570
1,scene_00571
3,scene_00572
4,scene_00573
9,scene_00574
8,scene_00575
8,scene_00576
9,scene_00577
9,scene_00578
6,scene_00579
10,scene_00580
7,scene_00581
8,scene_00582
8,scene_00583
9,scene_00584
8,scene_00585
13,scene_00586
6,scene_00587
10,scene_00588
11,scene_00589
6,scene_00590
9,scene_00591
8,scene_00592
11,scene_00593
10,scene_00594
6,scene_00595
10,scene_00596
1,scene_00597
6,scene_00598
8,scene_00599
9,scene_00600
9,scene_00601
1,scene_00602
4,scene_00603
3,scene_00604
2,scene_00605
2,scene_00606
2,scene_00607
4,scene_00608
4,scene_00609
5,scene_00610
12,scene_00611
4,scene_00612
8,scene_00613
6,scene_00614
7,scene_00615
6,scene_00616
5,scene_00617
3,scene_00618
9,scene_00619
9,scene_00620
2,scene_00621
5,scene_00622
13,scene_00623
5,scene_00624
1,scene_00625
11,scene_00626
5,scene_00627
1,scene_00628
2,scene_00629
12,scene_00630
8,scene_00631
2,scene_00632
7,scene_00633
3,scene_00634
1,scene_00635
1,scene_00636
1,scene_00637
1,scene_00638
7,scene_00639
11,scene_00640
8,scene_00641
8,scene_00642
7,scene_00643
6,scene_00644
2,scene_00645
6,scene_00646
6,scene_00647
1,scene_00648
8,scene_00649
1,scene_00650
8,scene_00651
1,scene_00652
1,scene_00653
1,scene_00654
2,scene_00655
1,scene_00656
6,scene_00657
5,scene_00658
9,scene_00659
6,scene_00660
8,scene_00661
8,scene_00662
11,scene_00663
8,scene_00664
7,scene_00665
8,scene_00666
6,scene_00667
5,scene_00668
7,scene_00669
6,scene_00670
6,scene_00671
6,scene_00672
7,scene_00673
10,scene_00674
4,scene_00675
8,scene_00676
1,scene_00677
1,scene_00678
12,scene_00679
11,scene_00680
4,scene_00681
8,scene_00682
7,scene_00683
6,scene_00684
1,scene_00685
8,scene_00686
10,scene_00687
2,scene_00688
1,scene_00689
6,scene_00690
7,scene_00691
3,scene_00692
5,scene_00693
3,scene_00694
10,scene_00695
12,scene_00696
8,scene_00697
1,scene_00698
8,scene_00699
2,scene_00700
9,scene_00701
1,scene_00702
4,scene_00703
7,scene_00704
8,scene_00705
3,scene_00706
9,scene_00707
9,scene_00708
4,scene_00709
2,scene_00710
8,scene_00711
4,scene_00712
8,scene_00713
9,scene_00714
7,scene_00715
8,scene_00716
7,scene_00717
8,scene_00718
6,scene_00719
1,scene_00720
6,scene_00721
8,scene_00722
7,scene_00723
8,scene_00724
9,scene_00725
1,scene_00726
7,scene_00727
1,scene_00728
8,scene_00729
8,scene_00730
8,scene_00731
8,scene_00732
6,scene_00733
10,scene_00734
2,scene_00735
9,scene_00736
5,scene_00737
5,scene_00738
8,scene_00739
3,scene_00740
5,scene_00741
2,scene_00742
2,scene_00743
12,scene_00744
6,scene_00745
5,scene_00746
7,scene_00747
7,scene_00748
2,scene_00749
11,scene_00750
8,scene_00751
8,scene_00752
6,scene_00753
1,scene_00754
4,scene_00755
8,scene_00756
2,scene_00757
1,scene_00758
1,scene_00759
9,scene_00760
4,scene_00761
7,scene_00762
1,scene_00763
1,scene_00764
4,scene_00765
1,scene_00766
9,scene_00767
4,scene_00768
10,scene_00769
1,scene_00770
4,scene_00771
8,scene_00772
6,scene_00773
11,scene_00774
8,scene_00775
12,scene_00776
6,scene_00777
12,scene_00778
5,scene_00779
1,scene_00780
2,scene_00781
11,scene_00782
10,scene_00783
1,scene_00784
3,scene_00785
7,scene_00786
10,scene_00787
9,scene_00788
5,scene_00789
8,scene_00790
9,scene_00791
7,scene_00792
1,scene_00793
8,scene_00794
1,scene_00795
10,scene_00796
6,scene_00797
8,scene_00798
7,scene_00799
10,scene_00800
7,scene_00801
2,scene_00802
10,scene_00803
6,scene_00804
2,scene_00805
10,scene_00806
4,scene_00807
6,scene_00808
10,scene_00809
10,scene_00810
6,scene_00811
10,scene_00812
1,scene_00813
3,scene_00814
4,scene_00815
8,scene_00816
5,scene_00817
6,scene_00818
6,scene_00819
6,scene_00820
8,scene_00821
8,scene_00822
6,scene_00823
3,scene_00824
7,scene_00825
5,scene_00826
3,scene_00827
7,scene_00828
10,scene_00829
1,scene_00830
1,scene_00831
1,scene_00832
5,scene_00833
6,scene_00834
1,scene_00835
1,scene_00836
1,scene_00837
7,scene_00838
1,scene_00839
1,scene_00840
1,scene_00841
1,scene_00842
8,scene_00843
9,scene_00844
8,scene_00845
10,scene_00846
7,scene_00847
8,scene_00848
2,scene_00849
2,scene_00850
3,scene_00851
3,scene_00852
3,scene_00853
2,scene_00854
5,scene_00855
9,scene_00856
7,scene_00857
6,scene_00858
10,scene_00859
9,scene_00860
1,scene_00861
6,scene_00862
9,scene_00863
6,scene_00864
8,scene_00865
5,scene_00866
7,scene_00867
9,scene_00868
8,scene_00869
9,scene_00870
1,scene_00871
1,scene_00872
1,scene_00873
2,scene_00874
1,scene_00875
1,scene_00876
8,scene_00877
8,scene_00878
8,scene_00879
7,scene_00880
1,scene_00881
2,scene_00882
1,scene_00883
1,scene_00884
8,scene_00885
8,scene_00886
2,scene_00887
7,scene_00888
8,scene_00889
9,scene_00890
8,scene_00891
9,scene_00892
6,scene_00893
5,scene_00894
1,scene_00895
1,scene_00896
6,scene_00897
8,scene_00898
3,scene_00899
5,scene_00900
2,scene_00901
7,scene_00902
11,scene_00903
7,scene_00904
8,scene_00905
9,scene_00906
7,scene_00907
7,scene_00908
7,scene_00909
6,scene_00910
8,scene_00911
7,scene_00912
1,scene_00913
7,scene_00914
8,scene_00915
2,scene_00916
7,scene_00917
1,scene_00918
7,scene_00919
10,scene_00920
6,scene_00921
5,scene_00922
9,scene_00923
11,scene_00924
8,scene_00925
10,scene_00926
1,scene_00927
11,scene_00928
8,scene_00929
3,scene_00930
8,scene_00931
6,scene_00932
4,scene_00933
7,scene_00934
14,scene_00935
10,scene_00936
7,scene_00937
6,scene_00938
10,scene_00939
4,scene_00940
6,scene_00941
2,scene_00942
6,scene_00943
6,scene_00944
5,scene_00945
5,scene_00946
1,scene_00947
4,scene_00948
6,scene_00949
3,scene_00950
1,scene_00951
2,scene_00952
8,scene_00953
8,scene_00954
7,scene_00955
2,scene_00956
1,scene_00957
3,scene_00958
12,scene_00959
9,scene_00960
8,scene_00961
7,scene_00962
5,scene_00963
1,scene_00964
1,scene_00965
7,scene_00966
1,scene_00967
8,scene_00968
7,scene_00969
2,scene_00970
6,scene_00971
11,scene_00972
9,scene_00973
11,scene_00974
12,scene_00975
9,scene_00976
7,scene_00977
15,scene_00978
6,scene_00979
7,scene_00980
10,scene_00981
11,scene_00982
5,scene_00983
12,scene_00984
11,scene_00985
1,scene_00986
1,scene_00987
2,scene_00988
7,scene_00989
8,scene_00990
7,scene_00991
3,scene_00992
5,scene_00993
1,scene_00994
8,scene_00995
8,scene_00996
8,scene_00997
8,scene_00998
7,scene_00999
6,scene_01000
1,scene_01001
6,scene_01002
1,scene_01003
9,scene_01004
5,scene_01005
5,scene_01006
9,scene_01007
15,scene_01008
8,scene_01009
6,scene_01010
4,scene_01011
12,scene_01012
2,scene_01013
10,scene_01014
5,scene_01015
8,scene_01016
1,scene_01017
7,scene_01018
10,scene_01019
1,scene_01020
2,scene_01021
1,scene_01022
2,scene_01023
2,scene_01024
1,scene_01025
2,scene_01026
7,scene_01027
10,scene_01028
2,scene_01029
7,scene_01030
2,scene_01031
10,scene_01032
3,scene_01033
4,scene_01034
6,scene_01035
8,scene_01036
1,scene_01037
1,scene_01038
8,scene_01039
1,scene_01040
8,scene_01041
5,scene_01042
7,scene_01043
4,scene_01044
1,scene_01045
5,scene_01046
5,scene_01047
9,scene_01048
15,scene_01049
9,scene_01050
7,scene_01051
5,scene_01052
9,scene_01053
3,scene_01054
5,scene_01055
2,scene_01056
5,scene_01057
10,scene_01058
13,scene_01059
8,scene_01060
6,scene_01061
9,scene_01062
2,scene_01063
5,scene_01064
1,scene_01065
12,scene_01066
5,scene_01067
2,scene_01068
3,scene_01069
4,scene_01070
5,scene_01071
8,scene_01072
1,scene_01073
7,scene_01074
7,scene_01075
10,scene_01076
9,scene_01077
3,scene_01078
9,scene_01079
9,scene_01080
2,scene_01081
7,scene_01082
8,scene_01083
9,scene_01084
10,scene_01085
1,scene_01086
8,scene_01087
1,scene_01088
2,scene_01089
2,scene_01090
4,scene_01091
5,scene_01092
8,scene_01093
3,scene_01094
7,scene_01095
9,scene_01096
5,scene_01097
1,scene_01098
1,scene_01099
7,scene_01100
3,scene_01101
9,scene_01102
8,scene_01103
13,scene_01104
7,scene_01105
8,scene_01106
1,scene_01107
1,scene_01108
9,scene_01109
7,scene_01110
7,scene_01111
5,scene_01112
7,scene_01113
9,scene_01114
5,scene_01115
9,scene_01116
8,scene_01117
8,scene_01118
8,scene_01119
6,scene_01120
5,scene_01121
7,scene_01122
2,scene_01123
8,scene_01124
3,scene_01125
8,scene_01126
1,scene_01127
9,scene_01128
4,scene_01129
6,scene_01130
10,scene_01131
6,scene_01132
8,scene_01133
9,scene_01134
10,scene_01135
11,scene_01136
4,scene_01137
9,scene_01138
10,scene_01139
3,scene_01140
6,scene_01141
4,scene_01142
7,scene_01143
10,scene_01144
1,scene_01145
1,scene_01146
2,scene_01147
11,scene_01148
6,scene_01149
2,scene_01150
5,scene_01151
8,scene_01152
1,scene_01153
9,scene_01154
7,scene_01155
10,scene_01156
5,scene_01157
7,scene_01158
8,scene_01159
6,scene_01160
12,scene_01161
9,scene_01162
1,scene_01163
8,scene_01164
1,scene_01165
6,scene_01166
4,scene_01167
5,scene_01168
9,scene_01169
9,scene_01170
1,scene_01171
10,scene_01172
1,scene_01173
7,scene_01174
9,scene_01175
8,scene_01176
7,scene_01177
3,scene_01178
9,scene_01179
4,scene_01180
10,scene_01181
5,scene_01182
8,scene_01183
4,scene_01184
2,scene_01185
6,scene_01186
8,scene_01187
2,scene_01188
10,scene_01189
8,scene_01190
6,scene_01191
8,scene_01192
7,scene_01193
12,scene_01194
3,scene_01195
9,scene_01196
11,scene_01197
10,scene_01198
8,scene_01199
12,scene_01200
7,scene_01201
1,scene_01202
1,scene_01203
8,scene_01204
3,scene_01205
9,scene_01206
5,scene_01207
10,scene_01208
7,scene_01209
8,scene_01210
8,scene_01211
9,scene_01212
6,scene_01213
1,scene_01214
1,scene_01215
5,scene_01216
7,scene_01217
12,scene_01218
1,scene_01219
8,scene_01220
2,scene_01221
8,scene_01222
1,scene_01223
1,scene_01224
1,scene_01225
3,scene_01226
10,scene_01227
2,scene_01228
8,scene_01229
6,scene_01230
9,scene_01231
8,scene_01232
12,scene_01233
1,scene_01234
5,scene_01235
1,scene_01236
7,scene_01237
9,scene_01238
9,scene_01239
8,scene_01240
5,scene_01241
7,scene_01242
3,scene_01243
6,scene_01244
9,scene_01245
5,scene_01246
4,scene_01247
7,scene_01248
1,scene_01249
9,scene_01250
5,scene_01251
1,scene_01252
2,scene_01253
7,scene_01254
9,scene_01255
3,scene_01256
4,scene_01257
6,scene_01258
7,scene_01259
3,scene_01260
9,scene_01261
8,scene_01262
2,scene_01263
2,scene_01264
7,scene_01265
9,scene_01266
6,scene_01267
1,scene_01268
2,scene_01269
6,scene_01270
7,scene_01271
8,scene_01272
9,scene_01273
8,scene_01274
1,scene_01275
2,scene_01276
1,scene_01277
2,scene_01278
11,scene_01279
1,scene_01280
1,scene_01281
11,scene_01282
8,scene_01283
7,scene_01284
3,scene_01285
1,scene_01286
7,scene_01287
8,scene_01288
7,scene_01289
2,scene_01290
8,scene_01291
8,scene_01292
7,scene_01293
5,scene_01294
8,scene_01295
5,scene_01296
4,scene_01297
6,scene_01298
1,scene_01299
7,scene_01300
9,scene_01301
5,scene_01302
8,scene_01303
8,scene_01304
8,scene_01305
1,scene_01306
9,scene_01307
8,scene_01308
7,scene_01309
5,scene_01310
7,scene_01311
1,scene_01312
7,scene_01313
8,scene_01314
5,scene_01315
1,scene_01316
7,scene_01317
9,scene_01318
2,scene_01319
6,scene_01320
7,scene_01321
2,scene_01322
1,scene_01323
1,scene_01324
6,scene_01325
7,scene_01326
1,scene_01327
3,scene_01328
7,scene_01329
1,scene_01330
8,scene_01331
5,scene_01332
6,scene_01333
8,scene_01334
10,scene_01335
3,scene_01336
10,scene_01337
8,scene_01338
1,scene_01339
4,scene_01340
7,scene_01341
1,scene_01342
3,scene_01343
8,scene_01344
1,scene_01345
6,scene_01346
9,scene_01347
1,scene_01348
1,scene_01349
7,scene_01350
8,scene_01351
9,scene_01352
5,scene_01353
6,scene_01354
4,scene_01355
10,scene_01356
1,scene_01357
10,scene_01358
11,scene_01359
10,scene_01360
8,scene_01361
1,scene_01362
10,scene_01363
4,scene_01364
13,scene_01365
8,scene_01366
7,scene_01367
7,scene_01368
1,scene_01369
8,scene_01370
8,scene_01371
3,scene_01372
10,scene_01373
9,scene_01374
8,scene_01375
9,scene_01376
7,scene_01377
9,scene_01378
5,scene_01379
6,scene_01380
6,scene_01381
9,scene_01382
11,scene_01383
9,scene_01384
6,scene_01385
11,scene_01386
9,scene_01387
5,scene_01388
10,scene_01389
8,scene_01390
6,scene_01391
3,scene_01392
4,scene_01393
1,scene_01394
7,scene_01395
1,scene_01396
11,scene_01397
9,scene_01398
5,scene_01399
7,scene_01400
11,scene_01401
2,scene_01402
2,scene_01403
10,scene_01404
1,scene_01405
7,scene_01406
4,scene_01407
3,scene_01408
10,scene_01409
10,scene_01410
1,scene_01411
12,scene_01412
2,scene_01413
5,scene_01414
1,scene_01415
1,scene_01416
7,scene_01417
6,scene_01418
9,scene_01419
8,scene_01420
8,scene_01421
8,scene_01422
7,scene_01423
1,scene_01424
2,scene_01425
3,scene_01426
1,scene_01427
9,scene_01428
10,scene_01429
3,scene_01430
2,scene_01431
6,scene_01432
1,scene_01433
1,scene_01434
6,scene_01435
6,scene_01436
6,scene_01437
10,scene_01438
8,scene_01439
8,scene_01440
1,scene_01441
1,scene_01442
2,scene_01443
7,scene_01444
8,scene_01445
5,scene_01446
9,scene_01447
1,scene_01448
8,scene_01449
1,scene_01450
1,scene_01451
6,scene_01452
3,scene_01453
1,scene_01454
6,scene_01455
6,scene_01456
8,scene_01457
8,scene_01458
1,scene_01459
7,scene_01460
6,scene_01461
5,scene_01462
8,scene_01463
9,scene_01464
7,scene_01465
11,scene_01466
11,scene_01467
6,scene_01468
6,scene_01469
9,scene_01470
5,scene_01471
8,scene_01472
8,scene_01473
2,scene_01474
6,scene_01475
12,scene_01476
5,scene_01477
7,scene_01478
6,scene_01479
5,scene_01480
9,scene_01481
10,scene_01482
11,scene_01483
10,scene_01484
7,scene_01485
1,scene_01486
9,scene_01487
6,scene_01488
2,scene_01489
7,scene_01490
3,scene_01491
7,scene_01492
6,scene_01493
8,scene_01494
7,scene_01495
4,scene_01496
7,scene_01497
6,scene_01498
8,scene_01499
1,scene_01500
10,scene_01501
6,scene_01502
9,scene_01503
2,scene_01504
8,scene_01505
6,scene_01506
12,scene_01507
1,scene_01508
8,scene_01509
7,scene_01510
1,scene_01511
1,scene_01512
1,scene_01513
1,scene_01514
6,scene_01515
5,scene_01516
1,scene_01517
10,scene_01518
8,scene_01519
9,scene_01520
7,scene_01521
8,scene_01522
8,scene_01523
8,scene_01524
9,scene_01525
9,scene_01526
8,scene_01527
5,scene_01528
11,scene_01529
7,scene_01530
12,scene_01531
9,scene_01532
2,scene_01533
8,scene_01534
7,scene_01535
6,scene_01536
3,scene_01537
6,scene_01538
7,scene_01539
5,scene_01540
9,scene_01541
4,scene_01542
8,scene_01543
2,scene_01544
6,scene_01545
7,scene_01546
8,scene_01547
7,scene_01548
1,scene_01549
3,scene_01550
5,scene_01551
2,scene_01552
5,scene_01553
4,scene_01554
8,scene_01555
7,scene_01556
6,scene_01557
4,scene_01558
3,scene_01559
2,scene_01560
8,scene_01561
6,scene_01562
11,scene_01563
2,scene_01564
3,scene_01565
7,scene_01566
7,scene_01567
8,scene_01568
6,scene_01569
7,scene_01570
1,scene_01571
5,scene_01572
8,scene_01573
8,scene_01574
9,scene_01575
6,scene_01576
2,scene_01577
5,scene_01578
1,scene_01579
5,scene_01580
7,scene_01581
8,scene_01582
11,scene_01583
6,scene_01584
12,scene_01585
7,scene_01586
8,scene_01587
8,scene_01588
6,scene_01589
7,scene_01590
8,scene_01591
1,scene_01592
9,scene_01593
1,scene_01594
6,scene_01595
7,scene_01596
6,scene_01597
6,scene_01598
6,scene_01599
8,scene_01600
9,scene_01601
7,scene_01602
9,scene_01603
7,scene_01604
7,scene_01605
7,scene_01606
6,scene_01607
8,scene_01608
8,scene_01609
7,scene_01610
7,scene_01611
8,scene_01612
8,scene_01613
8,scene_01614
2,scene_01615
1,scene_01616
10,scene_01617
1,scene_01618
1,scene_01619
6,scene_01620
7,scene_01621
1,scene_01622
9,scene_01623
6,scene_01624
7,scene_01625
2,scene_01626
3,scene_01627
6,scene_01628
10,scene_01629
3,scene_01630
8,scene_01631
3,scene_01632
11,scene_01633
9,scene_01634
2,scene_01635
10,scene_01636
7,scene_01637
9,scene_01638
6,scene_01639
8,scene_01640
6,scene_01641
1,scene_01642
6,scene_01643
6,scene_01644
2,scene_01645
1,scene_01646
2,scene_01647
6,scene_01648
1,scene_01649
8,scene_01650
7,scene_01651
6,scene_01652
1,scene_01653
1,scene_01654
11,scene_01655
2,scene_01656
2,scene_01657
2,scene_01658
1,scene_01659
1,scene_01660
1,scene_01661
1,scene_01662
2,scene_01663
7,scene_01664
2,scene_01665
2,scene_01666
1,scene_01667
8,scene_01668
7,scene_01669
2,scene_01670
1,scene_01671
2,scene_01672
1,scene_01673
3,scene_01674
10,scene_01675
8,scene_01676
11,scene_01677
4,scene_01678
3,scene_01679
7,scene_01680
4,scene_01681
8,scene_01682
1,scene_01683
11,scene_01684
2,scene_01685
6,scene_01686
7,scene_01687
8,scene_01688
6,scene_01689
5,scene_01690
7,scene_01691
9,scene_01692
10,scene_01693
6,scene_01694
6,scene_01695
6,scene_01696
9,scene_01697
1,scene_01698
8,scene_01699
2,scene_01700
7,scene_01701
12,scene_01702
9,scene_01703
9,scene_01704
4,scene_01705
7,scene_01706
9,scene_01707
8,scene_01708
11,scene_01709
10,scene_01710
7,scene_01711
1,scene_01712
7,scene_01713
1,scene_01714
8,scene_01715
7,scene_01716
4,scene_01717
1,scene_01718
1,scene_01719
10,scene_01720
8,scene_01721
11,scene_01722
5,scene_01723
6,scene_01724
7,scene_01725
11,scene_01726
1,scene_01727
1,scene_01728
5,scene_01729
2,scene_01730
3,scene_01731
9,scene_01732
12,scene_01733
10,scene_01734
8,scene_01735
3,scene_01736
2,scene_01737
12,scene_01738
2,scene_01739
5,scene_01740
8,scene_01741
5,scene_01742
6,scene_01743
7,scene_01744
2,scene_01745
9,scene_01746
6,scene_01747
2,scene_01748
12,scene_01749
7,scene_01750
2,scene_01751
11,scene_01752
10,scene_01753
9,scene_01754
6,scene_01755
1,scene_01756
2,scene_01757
1,scene_01758
8,scene_01759
11,scene_01760
5,scene_01761
1,scene_01762
12,scene_01763
7,scene_01764
11,scene_01765
1,scene_01766
1,scene_01767
3,scene_01768
6,scene_01769
7,scene_01770
7,scene_01771
2,scene_01772
1,scene_01773
9,scene_01774
6,scene_01775
6,scene_01776
9,scene_01777
7,scene_01778
5,scene_01779
11,scene_01780
6,scene_01781
1,scene_01782
5,scene_01783
11,scene_01784
6,scene_01785
7,scene_01786
3,scene_01787
1,scene_01788
9,scene_01789
8,scene_01790
13,scene_01791
5,scene_01792
3,scene_01793
7,scene_01794
8,scene_01795
1,scene_01796
2,scene_01797
1,scene_01798
7,scene_01799
7,scene_01800
7,scene_01801
5,scene_01802
5,scene_01803
1,scene_01804
1,scene_01805
1,scene_01806
6,scene_01807
9,scene_01808
3,scene_01809
1,scene_01810
6,scene_01811
3,scene_01812
1,scene_01813
2,scene_01814
12,scene_01815
4,scene_01816
7,scene_01817
2,scene_01818
4,scene_01819
9,scene_01820
7,scene_01821
4,scene_01822
11,scene_01823
3,scene_01824
12,scene_01825
7,scene_01826
5,scene_01827
6,scene_01828
6,scene_01829
13,scene_01830
1,scene_01831
10,scene_01832
2,scene_01833
8,scene_01834
6,scene_01835
7,scene_01836
10,scene_01837
4,scene_01838
8,scene_01839
9,scene_01840
8,scene_01841
10,scene_01842
7,scene_01843
9,scene_01844
1,scene_01845
5,scene_01846
9,scene_01847
2,scene_01848
2,scene_01849
7,scene_01850
9,scene_01851
8,scene_01852
1,scene_01853
6,scene_01854
3,scene_01855
3,scene_01856
5,scene_01857
8,scene_01858
7,scene_01859
7,scene_01860
4,scene_01861
2,scene_01862
7,scene_01863
9,scene_01864
9,scene_01865
1,scene_01866
1,scene_01867
10,scene_01868
6,scene_01869
8,scene_01870
10,scene_01871
9,scene_01872
7,scene_01873
8,scene_01874
6,scene_01875
3,scene_01876
4,scene_01877
12,scene_01878
1,scene_01879
10,scene_01880
10,scene_01881
1,scene_01882
2,scene_01883
7,scene_01884
6,scene_01885
1,scene_01886
9,scene_01887
7,scene_01888
7,scene_01889
8,scene_01890
6,scene_01891
8,scene_01892
7,scene_01893
1,scene_01894
8,scene_01895
8,scene_01896
1,scene_01897
7,scene_01898
9,scene_01899
5,scene_01900
1,scene_01901
7,scene_01902
6,scene_01903
1,scene_01904
1,scene_01905
1,scene_01906
2,scene_01907
1,scene_01908
1,scene_01909
1,scene_01910
2,scene_01911
8,scene_01912
1,scene_01913
1,scene_01914
2,scene_01915
1,scene_01916
1,scene_01917
8,scene_01918
7,scene_01919
8,scene_01920
6,scene_01921
11,scene_01922
7,scene_01923
4,scene_01924
9,scene_01925
6,scene_01926
7,scene_01927
5,scene_01928
7,scene_01929
1,scene_01930
4,scene_01931
2,scene_01932
10,scene_01933
2,scene_01934
2,scene_01935
8,scene_01936
8,scene_01937
8,scene_01938
8,scene_01939
5,scene_01940
7,scene_01941
5,scene_01942
2,scene_01943
6,scene_01944
7,scene_01945
1,scene_01946
9,scene_01947
4,scene_01948
10,scene_01949
7,scene_01950
1,scene_01951
10,scene_01952
9,scene_01953
5,scene_01954
10,scene_01955
2,scene_01956
2,scene_01957
6,scene_01958
7,scene_01959
8,scene_01960
8,scene_01961
9,scene_01962
10,scene_01963
3,scene_01964
2,scene_01965
6,scene_01966
9,scene_01967
9,scene_01968
7,scene_01969
1,scene_01970
11,scene_01971
8,scene_01972
6,scene_01973
1,scene_01974
7,scene_01975
1,scene_01976
1,scene_01977
1,scene_01978
10,scene_01979
7,scene_01980
1,scene_01981
1,scene_01982
1,scene_01983
1,scene_01984
1,scene_01985
11,scene_01986
6,scene_01987
8,scene_01988
8,scene_01989
1,scene_01990
7,scene_01991
1,scene_01992
10,scene_01993
7,scene_01994
6,scene_01995
8,scene_01996
12,scene_01997
10,scene_01998
1,scene_01999
10,scene_02000
9,scene_02001
5,scene_02002
1,scene_02003
7,scene_02004
1,scene_02005
8,scene_02006
8,scene_02007
6,scene_02008
1,scene_02009
4,scene_02010
5,scene_02011
6,scene_02012
5,scene_02013
1,scene_02014
8,scene_02015
9,scene_02016
3,scene_02017
4,scene_02018
8,scene_02019
6,scene_02020
1,scene_02021
2,scene_02022
6,scene_02023
7,scene_02024
8,scene_02025
8,scene_02026
8,scene_02027
8,scene_02028
1,scene_02029
2,scene_02030
6,scene_02031
1,scene_02032
6,scene_02033
1,scene_02034
6,scene_02035
11,scene_02036
11,scene_02037
8,scene_02038
1,scene_02039
9,scene_02040
11,scene_02041
1,scene_02042
7,scene_02043
11,scene_02044
7,scene_02045
9,scene_02046
8,scene_02047
6,scene_02048
3,scene_02049
8,scene_02050
22,scene_02051
8,scene_02052
6,scene_02053
6,scene_02054
9,scene_02055
9,scene_02056
9,scene_02057
7,scene_02058
7,scene_02059
11,scene_02060
6,scene_02061
10,scene_02062
11,scene_02063
7,scene_02064
12,scene_02065
8,scene_02066
7,scene_02067
10,scene_02068
13,scene_02069
8,scene_02070
10,scene_02071
12,scene_02072
4,scene_02073
13,scene_02074
4,scene_02075
9,scene_02076
8,scene_02077
9,scene_02078
6,scene_02079
1,scene_02080
2,scene_02081
8,scene_02082
5,scene_02083
8,scene_02084
9,scene_02085
7,scene_02086
6,scene_02087
6,scene_02088
7,scene_02089
7,scene_02090
5,scene_02091
9,scene_02092
13,scene_02093
9,scene_02094
2,scene_02095
2,scene_02096
8,scene_02097
8,scene_02098
7,scene_02099
8,scene_02100
9,scene_02101
11,scene_02102
6,scene_02103
1,scene_02104
11,scene_02105
9,scene_02106
6,scene_02107
6,scene_02108
7,scene_02109
8,scene_02110
7,scene_02111
7,scene_02112
7,scene_02113
8,scene_02114
7,scene_02115
7,scene_02116
7,scene_02117
7,scene_02118
9,scene_02119
10,scene_02120
7,scene_02121
6,scene_02122
6,scene_02123
10,scene_02124
9,scene_02125
11,scene_02126
8,scene_02127
9,scene_02128
9,scene_02129
14,scene_02130
9,scene_02131
10,scene_02132
11,scene_02133
7,scene_02134
10,scene_02135
10,scene_02136
5,scene_02137
1,scene_02138
11,scene_02139
7,scene_02140
7,scene_02141
8,scene_02142
8,scene_02143
1,scene_02144
6,scene_02145
4,scene_02146
7,scene_02147
9,scene_02148
11,scene_02149
6,scene_02150
9,scene_02151
2,scene_02152
6,scene_02153
7,scene_02154
7,scene_02155
7,scene_02156
7,scene_02157
6,scene_02158
7,scene_02159
6,scene_02160
9,scene_02161
1,scene_02162
11,scene_02163
12,scene_02164
1,scene_02165
3,scene_02166
8,scene_02167
1,scene_02168
1,scene_02169
8,scene_02170
6,scene_02171
8,scene_02172
12,scene_02173
8,scene_02174
7,scene_02175
10,scene_02176
6,scene_02177
9,scene_02178
6,scene_02179
6,scene_02180
4,scene_02181
8,scene_02182
6,scene_02183
8,scene_02184
8,scene_02185
6,scene_02186
8,scene_02187
2,scene_02188
1,scene_02189
1,scene_02190
1,scene_02191
8,scene_02192
8,scene_02193
10,scene_02194
5,scene_02195
8,scene_02196
5,scene_02197
6,scene_02198
7,scene_02199
9,scene_02200
1,scene_02201
4,scene_02202
1,scene_02203
8,scene_02204
1,scene_02205
1,scene_02206
7,scene_02207
1,scene_02208
1,scene_02209
10,scene_02210
10,scene_02211
7,scene_02212
8,scene_02213
11,scene_02214
9,scene_02215
1,scene_02216
10,scene_02217
3,scene_02218
5,scene_02219
11,scene_02220
3,scene_02221
9,scene_02222
7,scene_02223
1,scene_02224
10,scene_02225
1,scene_02226
1,scene_02227
7,scene_02228
7,scene_02229
7,scene_02230
3,scene_02231
11,scene_02232
8,scene_02233
5,scene_02234
8,scene_02235
6,scene_02236
12,scene_02237
2,scene_02238
2,scene_02239
3,scene_02240
6,scene_02241
5,scene_02242
4,scene_02243
2,scene_02244
2,scene_02245
3,scene_02246
5,scene_02247
9,scene_02248
2,scene_02249
7,scene_02250
10,scene_02251
4,scene_02252
1,scene_02253
6,scene_02254
10,scene_02255
9,scene_02256
2,scene_02257
2,scene_02258
2,scene_02259
7,scene_02260
7,scene_02261
8,scene_02262
8,scene_02263
7,scene_02264
8,scene_02265
1,scene_02266
4,scene_02267
1,scene_02268
1,scene_02269
9,scene_02270
2,scene_02271
6,scene_02272
10,scene_02273
6,scene_02274
5,scene_02275
4,scene_02276
10,scene_02277
7,scene_02278
8,scene_02279
4,scene_02280
10,scene_02281
6,scene_02282
6,scene_02283
9,scene_02284
4,scene_02285
2,scene_02286
8,scene_02287
12,scene_02288
8,scene_02289
6,scene_02290
10,scene_02291
8,scene_02292
6,scene_02293
10,scene_02294
8,scene_02295
6,scene_02296
7,scene_02297
7,scene_02298
7,scene_02299
5,scene_02300
7,scene_02301
7,scene_02302
7,scene_02303
6,scene_02304
8,scene_02305
1,scene_02306
11,scene_02307
8,scene_02308
8,scene_02309
9,scene_02310
8,scene_02311
2,scene_02312
9,scene_02313
8,scene_02314
6,scene_02315
7,scene_02316
1,scene_02317
3,scene_02318
8,scene_02319
9,scene_02320
12,scene_02321
7,scene_02322
10,scene_02323
8,scene_02324
2,scene_02325
8,scene_02326
9,scene_02327
6,scene_02328
11,scene_02329
7,scene_02330
8,scene_02331
5,scene_02332
1,scene_02333
2,scene_02334
6,scene_02335
7,scene_02336
4,scene_02337
6,scene_02338
8,scene_02339
9,scene_02340
10,scene_02341
1,scene_02342
6,scene_02343
6,scene_02344
4,scene_02345
3,scene_02346
8,scene_02347
1,scene_02348
5,scene_02349
7,scene_02350
2,scene_02351
6,scene_02352
5,scene_02353
5,scene_02354
11,scene_02355
11,scene_02356
9,scene_02357
4,scene_02358
6,scene_02359
9,scene_02360
6,scene_02361
4,scene_02362
3,scene_02363
9,scene_02364
8,scene_02365
6,scene_02366
2,scene_02367
2,scene_02368
3,scene_02369
8,scene_02370
7,scene_02371
8,scene_02372
4,scene_02373
8,scene_02374
2,scene_02375
12,scene_02376
12,scene_02377
9,scene_02378
5,scene_02379
5,scene_02380
10,scene_02381
11,scene_02382
3,scene_02383
9,scene_02384
6,scene_02385
10,scene_02386
5,scene_02387
6,scene_02388
9,scene_02389
9,scene_02390
7,scene_02391
6,scene_02392
7,scene_02393
8,scene_02394
8,scene_02395
5,scene_02396
8,scene_02397
6,scene_02398
5,scene_02399
7,scene_02400
1,scene_02401
9,scene_02402
4,scene_02403
5,scene_02404
8,scene_02405
7,scene_02406
1,scene_02407
7,scene_02408
8,scene_02409
10,scene_02410
4,scene_02411
3,scene_02412
8,scene_02413
7,scene_02414
6,scene_02415
6,scene_02416
7,scene_02417
4,scene_02418
2,scene_02419
5,scene_02420
8,scene_02421
6,scene_02422
9,scene_02423
9,scene_02424
4,scene_02425
6,scene_02426
4,scene_02427
4,scene_02428
7,scene_02429
10,scene_02430
2,scene_02431
7,scene_02432
4,scene_02433
6,scene_02434
7,scene_02435
6,scene_02436
3,scene_02437
5,scene_02438
6,scene_02439
9,scene_02440
9,scene_02441
1,scene_02442
10,scene_02443
1,scene_02444
10,scene_02445
2,scene_02446
4,scene_02447
8,scene_02448
11,scene_02449
6,scene_02450
7,scene_02451
8,scene_02452
6,scene_02453
4,scene_02454
7,scene_02455
6,scene_02456
8,scene_02457
7,scene_02458
11,scene_02459
9,scene_02460
3,scene_02461
8,scene_02462
16,scene_02463
9,scene_02464
5,scene_02465
10,scene_02466
10,scene_02467
4,scene_02468
6,scene_02469
10,scene_02470
6,scene_02471
5,scene_02472
10,scene_02473
10,scene_02474
1,scene_02475
1,scene_02476
7,scene_02477
3,scene_02478
5,scene_02479
8,scene_02480
1,scene_02481
5,scene_02482
7,scene_02483
9,scene_02484
8,scene_02485
10,scene_02486
8,scene_02487
6,scene_02488
5,scene_02489
6,scene_02490
7,scene_02491
5,scene_02492
1,scene_02493
9,scene_02494
7,scene_02495
9,scene_02496
9,scene_02497
11,scene_02498
9,scene_02499
8,scene_02500
5,scene_02501
2,scene_02502
3,scene_02503
8,scene_02504
9,scene_02505
12,scene_02506
7,scene_02507
10,scene_02508
7,scene_02509
7,scene_02510
9,scene_02511
5,scene_02512
8,scene_02513
12,scene_02514
4,scene_02515
5,scene_02516
6,scene_02517
10,scene_02518
1,scene_02519
9,scene_02520
11,scene_02521
6,scene_02522
6,scene_02523
7,scene_02524
2,scene_02525
10,scene_02526
2,scene_02527
3,scene_02528
8,scene_02529
2,scene_02530
3,scene_02531
6,scene_02532
8,scene_02533
6,scene_02534
6,scene_02535
6,scene_02536
3,scene_02537
9,scene_02538
2,scene_02539
7,scene_02540
8,scene_02541
7,scene_02542
6,scene_02543
5,scene_02544
7,scene_02545
2,scene_02546
3,scene_02547
10,scene_02548
3,scene_02549
3,scene_02550
2,scene_02551
7,scene_02552
3,scene_02553
6,scene_02554
7,scene_02555
8,scene_02556
8,scene_02557
7,scene_02558
8,scene_02559
8,scene_02560
1,scene_02561
12,scene_02562
7,scene_02563
7,scene_02564
7,scene_02565
6,scene_02566
8,scene_02567
10,scene_02568
7,scene_02569
8,scene_02570
8,scene_02571
7,scene_02572
11,scene_02573
6,scene_02574
3,scene_02575
7,scene_02576
1,scene_02577
3,scene_02578
8,scene_02579
2,scene_02580
5,scene_02581
5,scene_02582
2,scene_02583
4,scene_02584
8,scene_02585
3,scene_02586
7,scene_02587
3,scene_02588
1,scene_02589
9,scene_02590
10,scene_02591
3,scene_02592
7,scene_02593
5,scene_02594
11,scene_02595
3,scene_02596
8,scene_02597
8,scene_02598
9,scene_02599
12,scene_02600
7,scene_02601
10,scene_02602
6,scene_02603
3,scene_02604
4,scene_02605
6,scene_02606
1,scene_02607
2,scene_02608
7,scene_02609
5,scene_02610
10,scene_02611
4,scene_02612
7,scene_02613
6,scene_02614
2,scene_02615
12,scene_02616
7,scene_02617
7,scene_02618
9,scene_02619
7,scene_02620
9,scene_02621
6,scene_02622
9,scene_02623
8,scene_02624
8,scene_02625
6,scene_02626
7,scene_02627
6,scene_02628
9,scene_02629
4,scene_02630
7,scene_02631
3,scene_02632
3,scene_02633
4,scene_02634
7,scene_02635
3,scene_02636
10,scene_02637
4,scene_02638
5,scene_02639
6,scene_02640
4,scene_02641
9,scene_02642
6,scene_02643
4,scene_02644
5,scene_02645
7,scene_02646
7,scene_02647
4,scene_02648
2,scene_02649
8,scene_02650
7,scene_02651
11,scene_02652
9,scene_02653
3,scene_02654
3,scene_02655
7,scene_02656
5,scene_02657
8,scene_02658
8,scene_02659
7,scene_02660
7,scene_02661
6,scene_02662
2,scene_02663
7,scene_02664
7,scene_02665
6,scene_02666
5,scene_02667
6,scene_02668
1,scene_02669
7,scene_02670
5,scene_02671
5,scene_02672
3,scene_02673
2,scene_02674
7,scene_02675
9,scene_02676
7,scene_02677
4,scene_02678
6,scene_02679
2,scene_02680
4,scene_02681
3,scene_02682
8,scene_02683
4,scene_02684
9,scene_02685
2,scene_02686
9,scene_02687
6,scene_02688
7,scene_02689
7,scene_02690
6,scene_02691
8,scene_02692
9,scene_02693
6,scene_02694
8,scene_02695
1,scene_02696
9,scene_02697
2,scene_02698
1,scene_02699
5,scene_02700
5,scene_02701
3,scene_02702
6,scene_02703
4,scene_02704
3,scene_02705
9,scene_02706
9,scene_02707
8,scene_02708
12,scene_02709
6,scene_02710
3,scene_02711
5,scene_02712
11,scene_02713
1,scene_02714
7,scene_02715
11,scene_02716
7,scene_02717
6,scene_02718
5,scene_02719
12,scene_02720
4,scene_02721
8,scene_02722
9,scene_02723
8,scene_02724
9,scene_02725
3,scene_02726
9,scene_02727
5,scene_02728
3,scene_02729
5,scene_02730
6,scene_02731
3,scene_02732
9,scene_02733
8,scene_02734
4,scene_02735
10,scene_02736
4,scene_02737
4,scene_02738
1,scene_02739
6,scene_02740
2,scene_02741
6,scene_02742
5,scene_02743
10,scene_02744
4,scene_02745
5,scene_02746
7,scene_02747
7,scene_02748
6,scene_02749
7,scene_02750
6,scene_02751
6,scene_02752
7,scene_02753
2,scene_02754
9,scene_02755
8,scene_02756
7,scene_02757
3,scene_02758
10,scene_02759
2,scene_02760
10,scene_02761
3,scene_02762
3,scene_02763
6,scene_02764
9,scene_02765
9,scene_02766
11,scene_02767
2,scene_02768
6,scene_02769
3,scene_02770
13,scene_02771
2,scene_02772
5,scene_02773
5,scene_02774
9,scene_02775
4,scene_02776
4,scene_02777
3,scene_02778
7,scene_02779
4,scene_02780
2,scene_02781
1,scene_02782
5,scene_02783
8,scene_02784
4,scene_02785
7,scene_02786
3,scene_02787
3,scene_02788
10,scene_02789
9,scene_02790
8,scene_02791
1,scene_02792
8,scene_02793
1,scene_02794
10,scene_02795
7,scene_02796
7,scene_02797
8,scene_02798
11,scene_02799
8,scene_02800
5,scene_02801
7,scene_02802
2,scene_02803
7,scene_02804
9,scene_02805
2,scene_02806
9,scene_02807
8,scene_02808
8,scene_02809
5,scene_02810
6,scene_02811
7,scene_02812
10,scene_02813
10,scene_02814
7,scene_02815
10,scene_02816
6,scene_02817
5,scene_02818
9,scene_02819
7,scene_02820
8,scene_02821
7,scene_02822
8,scene_02823
6,scene_02824
11,scene_02825
7,scene_02826
6,scene_02827
6,scene_02828
2,scene_02829
3,scene_02830
12,scene_02831
7,scene_02832
1,scene_02833
5,scene_02834
1,scene_02835
10,scene_02836
1,scene_02837
9,scene_02838
2,scene_02839
9,scene_02840
1,scene_02841
10,scene_02842
7,scene_02843
5,scene_02844
1,scene_02845
1,scene_02846
10,scene_02847
8,scene_02848
12,scene_02849
10,scene_02850
8,scene_02851
8,scene_02852
10,scene_02853
7,scene_02854
1,scene_02855
6,scene_02856
7,scene_02857
1,scene_02858
7,scene_02859
8,scene_02860
7,scene_02861
8,scene_02862
7,scene_02863
11,scene_02864
8,scene_02865
7,scene_02866
4,scene_02867
5,scene_02868
10,scene_02869
8,scene_02870
11,scene_02871
7,scene_02872
7,scene_02873
7,scene_02874
7,scene_02875
9,scene_02876
9,scene_02877
2,scene_02878
7,scene_02879
1,scene_02880
8,scene_02881
8,scene_02882
3,scene_02883
6,scene_02884
9,scene_02885
6,scene_02886
7,scene_02887
7,scene_02888
2,scene_02889
3,scene_02890
8,scene_02891
9,scene_02892
1,scene_02893
10,scene_02894
8,scene_02895
10,scene_02896
8,scene_02897
4,scene_02898
8,scene_02899
8,scene_02900
3,scene_02901
9,scene_02902
5,scene_02903
7,scene_02904
7,scene_02905
8,scene_02906
7,scene_02907
9,scene_02908
7,scene_02909
10,scene_02910
8,scene_02911
7,scene_02912
6,scene_02913
10,scene_02914
8,scene_02915
9,scene_02916
11,scene_02917
8,scene_02918
4,scene_02919
6,scene_02920
9,scene_02921
9,scene_02922
6,scene_02923
8,scene_02924
1,scene_02925
7,scene_02926
7,scene_02927
8,scene_02928
8,scene_02929
7,scene_02930
7,scene_02931
7,scene_02932
2,scene_02933
9,scene_02934
8,scene_02935
7,scene_02936
10,scene_02937
2,scene_02938
1,scene_02939
8,scene_02940
4,scene_02941
5,scene_02942
10,scene_02943
1,scene_02944
8,scene_02945
8,scene_02946
3,scene_02947
7,scene_02948
4,scene_02949
7,scene_02950
6,scene_02951
7,scene_02952
8,scene_02953
7,scene_02954
2,scene_02955
9,scene_02956
4,scene_02957
10,scene_02958
8,scene_02959
1,scene_02960
6,scene_02961
9,scene_02962
5,scene_02963
6,scene_02964
5,scene_02965
8,scene_02966
8,scene_02967
7,scene_02968
5,scene_02969
5,scene_02970
2,scene_02971
7,scene_02972
8,scene_02973
7,scene_02974
2,scene_02975
8,scene_02976
2,scene_02977
7,scene_02978
9,scene_02979
10,scene_02980
8,scene_02981
5,scene_02982
9,scene_02983
7,scene_02984
11,scene_02985
8,scene_02986
3,scene_02987
8,scene_02988
5,scene_02989
8,scene_02990
7,scene_02991
6,scene_02992
2,scene_02993
2,scene_02994
10,scene_02995
9,scene_02996
8,scene_02997
3,scene_02998
10,scene_02999
2,scene_03000
2,scene_03001
7,scene_03002
8,scene_03003
6,scene_03004
16,scene_03005
3,scene_03006
9,scene_03007
6,scene_03008
6,scene_03009
8,scene_03010
8,scene_03011
9,scene_03012
7,scene_03013
7,scene_03014
8,scene_03015
10,scene_03016
5,scene_03017
11,scene_03018
8,scene_03019
6,scene_03020
9,scene_03021
12,scene_03022
5,scene_03023
7,scene_03024
3,scene_03025
6,scene_03026
4,scene_03027
7,scene_03028
8,scene_03029
7,scene_03030
10,scene_03031
9,scene_03032
6,scene_03033
6,scene_03034
9,scene_03035
9,scene_03036
9,scene_03037
6,scene_03038
6,scene_03039
12,scene_03040
3,scene_03041
6,scene_03042
4,scene_03043
5,scene_03044
7,scene_03045
9,scene_03046
7,scene_03047
9,scene_03048
9,scene_03049
7,scene_03050
6,scene_03051
2,scene_03052
9,scene_03053
9,scene_03054
8,scene_03055
8,scene_03056
4,scene_03057
10,scene_03058
9,scene_03059
7,scene_03060
12,scene_03061
8,scene_03062
5,scene_03063
9,scene_03064
6,scene_03065
1,scene_03066
1,scene_03067
10,scene_03068
8,scene_03069
4,scene_03070
8,scene_03071
5,scene_03072
10,scene_03073
11,scene_03074
10,scene_03075
7,scene_03076
8,scene_03077
11,scene_03078
6,scene_03079
7,scene_03080
7,scene_03081
8,scene_03082
9,scene_03083
4,scene_03084
4,scene_03085
9,scene_03086
13,scene_03087
10,scene_03088
8,scene_03089
2,scene_03090
5,scene_03091
6,scene_03092
6,scene_03093
4,scene_03094
11,scene_03095
8,scene_03096
11,scene_03097
5,scene_03098
6,scene_03099
3,scene_03100
1,scene_03101
2,scene_03102
6,scene_03103
8,scene_03104
4,scene_03105
7,scene_03106
5,scene_03107
8,scene_03108
11,scene_03109
7,scene_03110
11,scene_03111
7,scene_03112
6,scene_03113
6,scene_03114
8,scene_03115
8,scene_03116
11,scene_03117
4,scene_03118
9,scene_03119
9,scene_03120
12,scene_03121
5,scene_03122
8,scene_03123
7,scene_03124
10,scene_03125
8,scene_03126
9,scene_03127
7,scene_03128
8,scene_03129
7,scene_03130
9,scene_03131
7,scene_03132
10,scene_03133
1,scene_03134
5,scene_03135
5,scene_03136
3,scene_03137
5,scene_03138
3,scene_03139
2,scene_03140
10,scene_03141
10,scene_03142
6,scene_03143
9,scene_03144
8,scene_03145
11,scene_03146
7,scene_03147
9,scene_03148
8,scene_03149
8,scene_03150
7,scene_03151
8,scene_03152
10,scene_03153
8,scene_03154
9,scene_03155
7,scene_03156
12,scene_03157
9,scene_03158
10,scene_03159
1,scene_03160
1,scene_03161
4,scene_03162
1,scene_03163
7,scene_03164
5,scene_03165
2,scene_03166
2,scene_03167
3,scene_03168
8,scene_03169
6,scene_03170
9,scene_03171
8,scene_03172
10,scene_03173
9,scene_03174
6,scene_03175
10,scene_03176
11,scene_03177
1,scene_03178
5,scene_03179
9,scene_03180
8,scene_03181
6,scene_03182
9,scene_03183
7,scene_03184
11,scene_03185
6,scene_03186
8,scene_03187
12,scene_03188
4,scene_03189
8,scene_03190
7,scene_03191
9,scene_03192
6,scene_03193
8,scene_03194
8,scene_03195
7,scene_03196
9,scene_03197
5,scene_03198
12,scene_03199
2,scene_03200
6,scene_03201
10,scene_03202
6,scene_03203
3,scene_03204
9,scene_03205
10,scene_03206
3,scene_03207
9,scene_03208
5,scene_03209
7,scene_03210
7,scene_03211
7,scene_03212
7,scene_03213
6,scene_03214
7,scene_03215
3,scene_03216
8,scene_03217
10,scene_03218
8,scene_03219
7,scene_03220
11,scene_03221
9,scene_03222
11,scene_03223
10,scene_03224
7,scene_03225
8,scene_03226
9,scene_03227
8,scene_03228
1,scene_03229
1,scene_03230
9,scene_03231
12,scene_03232
8,scene_03233
8,scene_03234
3,scene_03235
8,scene_03236
5,scene_03237
8,scene_03238
6,scene_03239
10,scene_03240
10,scene_03241
5,scene_03242
7,scene_03243
5,scene_03244
3,scene_03245
11,scene_03246
4,scene_03247
7,scene_03248
3,scene_03249
7,scene_03250
10,scene_03251
9,scene_03252
9,scene_03253
9,scene_03254
7,scene_03255
10,scene_03256
4,scene_03257
8,scene_03258
8,scene_03259
2,scene_03260
13,scene_03261
9,scene_03262
10,scene_03263
11,scene_03264
3,scene_03265
6,scene_03266
7,scene_03267
3,scene_03268
10,scene_03269
5,scene_03270
1,scene_03271
9,scene_03272
7,scene_03273
6,scene_03274
8,scene_03275
9,scene_03276
7,scene_03277
4,scene_03278
12,scene_03279
9,scene_03280
6,scene_03281
5,scene_03282
9,scene_03283
9,scene_03284
7,scene_03285
2,scene_03286
4,scene_03287
3,scene_03288
2,scene_03289
5,scene_03290
4,scene_03291
8,scene_03292
7,scene_03293
8,scene_03294
10,scene_03295
9,scene_03296
6,scene_03297
11,scene_03298
6,scene_03299
12,scene_03300
9,scene_03301
9,scene_03302
8,scene_03303
4,scene_03304
5,scene_03305
4,scene_03306
6,scene_03307
7,scene_03308
7,scene_03309
2,scene_03310
9,scene_03311
5,scene_03312
6,scene_03313
8,scene_03314
2,scene_03315
9,scene_03316
2,scene_03317
3,scene_03318
7,scene_03319
2,scene_03320
9,scene_03321
4,scene_03322
6,scene_03323
7,scene_03324
8,scene_03325
5,scene_03326
8,scene_03327
9,scene_03328
6,scene_03329
3,scene_03330
7,scene_03331
11,scene_03332
6,scene_03333
7,scene_03334
7,scene_03335
7,scene_03336
6,scene_03337
3,scene_03338
10,scene_03339
6,scene_03340
2,scene_03341
11,scene_03342
3,scene_03343
11,scene_03344
7,scene_03345
7,scene_03346
7,scene_03347
8,scene_03348
7,scene_03349
16,scene_03350
6,scene_03351
5,scene_03352
7,scene_03353
6,scene_03354
8,scene_03355
4,scene_03356
8,scene_03357
10,scene_03358
7,scene_03359
9,scene_03360
2,scene_03361
13,scene_03362
4,scene_03363
6,scene_03364
3,scene_03365
8,scene_03366
6,scene_03367
7,scene_03368
3,scene_03369
8,scene_03370
5,scene_03371
4,scene_03372
7,scene_03373
7,scene_03374
2,scene_03375
7,scene_03376
6,scene_03377
7,scene_03378
5,scene_03379
6,scene_03380
9,scene_03381
10,scene_03382
5,scene_03383
8,scene_03384
6,scene_03385
7,scene_03386
6,scene_03387
7,scene_03388
10,scene_03389
2,scene_03390
12,scene_03391
3,scene_03392
12,scene_03393
9,scene_03394
7,scene_03395
10,scene_03396
10,scene_03397
6,scene_03398
7,scene_03399
6,scene_03400
8,scene_03401
9,scene_03402
2,scene_03403
7,scene_03404
10,scene_03405
5,scene_03406
8,scene_03407
5,scene_03408
4,scene_03409
10,scene_03410
6,scene_03411
3,scene_03412
9,scene_03413
7,scene_03414
7,scene_03415
6,scene_03416
7,scene_03417
7,scene_03418
8,scene_03419
7,scene_03420
3,scene_03421
10,scene_03422
7,scene_03423
6,scene_03424
3,scene_03425
7,scene_03426
4,scene_03427
6,scene_03428
8,scene_03429
5,scene_03430
2,scene_03431
9,scene_03432
7,scene_03433
9,scene_03434
10,scene_03435
2,scene_03436
3,scene_03437
5,scene_03438
3,scene_03439
4,scene_03440
3,scene_03441
8,scene_03442
7,scene_03443
8,scene_03444
7,scene_03445
7,scene_03446
6,scene_03447
8,scene_03448
7,scene_03449
12,scene_03450
9,scene_03451
9,scene_03452
6,scene_03453
8,scene_03454
6,scene_03455
5,scene_03456
7,scene_03457
8,scene_03458
6,scene_03459
5,scene_03460
8,scene_03461
10,scene_03462
5,scene_03463
7,scene_03464
7,scene_03465
2,scene_03466
2,scene_03467
6,scene_03468
8,scene_03469
7,scene_03470
8,scene_03471
9,scene_03472
12,scene_03473
8,scene_03474
9,scene_03475
5,scene_03476
8,scene_03477
7,scene_03478
9,scene_03479
5,scene_03480
8,scene_03481
9,scene_03482
6,scene_03483
9,scene_03484
6,scene_03485
5,scene_03486
9,scene_03487
4,scene_03488
7,scene_03489
8,scene_03490
7,scene_03491
8,scene_03492
7,scene_03493
8,scene_03494
5,scene_03495
2,scene_03496
11,scene_03497
9,scene_03498
6,scene_03499
